;idigbio_coreid;key_scientificName;gbif_key;gbif_scientificName;gbif_status;gbif_rank
5;4ce0d1dd-f307-4b4f-bc90-f1515cd5c277;cordia aspera g. forst.;;;;
6;e998d643-60d6-4fb0-843f-161993357a22;celastraceae r. br.;;;;
7;7e6f664e-8156-4715-98e7-a214dbbd8d4f;grammitidaceae newman;;;;
9;5ea8b8bf-54e6-4f52-94bf-69a084a9ca26;syzygium p. browne ex gaertn.;;;;
10;3d94f19d-0fa8-4c11-902e-ec33065518ee;syzygium p. browne ex gaertn.;;;;
11;e00935cc-e00e-49ab-a4ec-50a686189a15;claoxylon a. juss.;;;;
16;b3eed40d-0b78-43f4-bd09-192f7d066178;vanda jones ex r. br.;;;;
21;a75f21b3-8db1-4f7a-b10a-ba331b191103;loganiaceae r. br. ex mart.;;;;
24;279d84f3-a55b-4ab9-b16a-21771a3f5115;orchidaceae juss.;;;;
25;271156fc-ad8c-458b-8a31-e8a939c2f0ab;lamiaceae martinov;;;;
26;f0a4db47-2f55-4328-ab35-57372418be1a;gesneriaceae rich. & juss.;;;;
32;305592d8-8ba0-497f-ad32-f25323efe95f;gardenia j. ellis;;;;
35;bdd89d25-9091-4bbc-aa89-08b9e6bf0cf5;euphorbiaceae juss.;;;;
41;2f6989c9-c3a9-452f-9199-8b7dd7fcc31d;urticaceae juss.;;;;
43;c06e5f3c-fe16-46bb-a813-2e08c42b9009;anacardiaceae r. br.;;;;
44;bcc409b0-308d-4787-90d4-d6d82072fd85;dipodium r. br.;;;;
46;4d08ef81-95b4-4d24-bc3f-af3278563612;gordonia j. ellis;;;;
48;8f88e057-9068-4fd8-88a1-0847c1cc2d27;syzygium p. browne ex gaertn.;;;;
49;4e54fc41-f4e3-4670-9d3f-5920e008f045;syzygium p. browne ex gaertn.;;;;
50;fb09c03c-9a83-4e3a-8438-c8d60f7db7a8;syzygium p. browne ex gaertn.;;;;
51;08234ac1-b65c-47f3-bb17-1ffa557e4359;cornopteris seramensis m. kato;;;;
52;bfeb031d-93e7-4caf-a1cd-3522ab388ac0;orchidaceae juss.;;;;
53;3c55416b-95ea-4906-9a75-20d5bc6d3854;orchidaceae juss.;;;;
55;b64344f6-5766-4b81-a8b4-2e5d19f3471f;syzygium p. browne ex gaertn.;;;;
56;87eec4a7-1596-4c62-86d0-1fd2aac9d0fe;alyxia banks ex r. br.;;;;
57;10ab7840-1d0f-4843-8b0a-81d4c5399327;cyrtandra sp. nov. ined. ex phillipson;;;;
58;989246ad-b309-4291-9cb4-d6ee0729ea85;gardenia j. ellis;;;;
63;6a7ecffe-7478-44cb-9045-aac975235e68;lindsaea carvifolia k.u. kramer;;;;
66;347d2b0e-5032-4ea0-a808-403f35731ec4;myrsine rawacensis a. dc.;;;;
68;50873e66-6c24-4a20-a3b2-e93d7eebfa84;rubiaceae juss.;;;;
69;3d8ea6a9-564f-4b9c-83ce-8c6d5f6951d9;apocynaceae juss.;;;;
70;e64b26d3-d210-4773-8b9b-47d3e1acbbba;arecaceae bercht. & j. presl;;;;
71;d7ef7387-5a52-4975-b261-29908d0f51cb;piperaceae giseke;;;;
72;7b5b8d8c-3ce3-4e46-8229-9b3213dafa66;orchidaceae juss.;;;;
73;c51f6c7a-f812-418b-82b8-9eef8e941854;orchidaceae juss.;;;;
79;1cebd781-ff0c-46c0-8beb-081626af79c7;phaleria coccinea (gaudich.) f. muell.;;;;
80;67cc5991-b248-4d30-a7cc-3ecf41c8cb26;syzygium p. browne ex gaertn.;;;;
81;d3fe529a-a9e5-4a7a-942b-7a9000245f37;syzygium p. browne ex gaertn.;;;;
82;19b2bb9c-c2ce-490b-9f41-2c62fc831350;syzygium p. browne ex gaertn.;;;;
85;0b1971ac-8103-44b4-8cc1-d08fe82e0716;glochidion j.r. forst. & g. forst.;;;;
88;a6cd17d5-efeb-44a7-bc2e-f5a4e2e54f7f;claoxylon a. juss.;;;;
94;32b27683-57e9-408d-96b8-6c7e8649a5cd;syzygium p. browne ex gaertn.;;;;
96;da0a3252-7f1c-4339-8811-8ef3d7256246;orchidaceae juss.;;;;
97;40cc4a88-51a6-4bb5-806f-cdad0a48b0a2;orchidaceae juss.;;;;
98;d91399b6-aa10-4290-a80b-d0de0daaf9f7;grammitidaceae newman;;;;
99;7c3c51ae-3b16-46db-85e0-97b35582ccd5;pteridophyta schimp.;;;;
102;62149cec-a8b5-4c55-b2d9-56c677e1a14b;vanda jones ex r. br.;;;;
104;ebda3add-6988-495e-9868-092af7d3fd5d;glochidion j.r. forst. & g. forst.;;;;
105;a2c4e9a6-f662-4f98-b279-a337739294a4;calophyllum articulatum p.f. stevens;;;;
106;1437b03d-3f37-491e-83e8-2397ca5d8d0b;hymenophyllaceae mart.;;;;
107;913f329e-038e-4885-a177-42e23b66add9;barringtonia j.r. forst. & g. forst.;;;;
108;f8b1b124-b7f2-4ecb-b08d-d3a33cf785ca;syzygium p. browne ex gaertn.;;;;
109;46e219f6-0f22-4697-a0d7-e1ce112f3107;cephalomanes c. presl;;;;
110;39f9e159-6264-44a3-9964-9b254027a900;cordia dichotoma g. forst.;;;;
111;52bde1cd-7be5-4467-98c5-3197a70f5e08;ardisia sanguinolenta var. parallelonura (k. larsen & c.m. hu) k. larsen & c.m. hu;;;;
112;e41cc843-6286-4999-a67d-30768540406c;orchidaceae juss.;;;;
113;3a1e301f-942e-42ab-b718-a4b4f432899e;syzygium p. browne ex gaertn.;;;;
118;675edb5f-d2f9-4389-98a2-dff6231a9bbc;pteridophyta schimp.;;;;
119;72a7b76c-6dd8-49cc-a806-0b7f7a401ab8;glochidion j.r. forst. & g. forst.;;;;
120;4b883038-cbb5-4459-8e0e-e8b00d51c30d;glochidion j.r. forst. & g. forst.;;;;
121;3ad7a784-3f6c-4341-bed7-6c8b6465d620;annonaceae juss.;;;;
122;72898aa6-b488-4360-84d8-09e59082457b;acanthaceae juss.;;;;
125;7731a032-1c0d-4e96-8c3e-f09d16f51365;syzygium p. browne ex gaertn.;;;;
130;9719cb73-b18b-4d11-8248-4b63c60a7e90;ardisia javanica a. dc.;;;;
131;d439731b-37e9-4004-91fa-2278d7fd3a52;syzygium p. browne ex gaertn.;;;;
133;a3e3dad4-e4e3-46ae-bfdc-ed8b095d02cd;hypnodendraceae broth.;;;;
134;8387b006-e6c6-45e7-8f9c-c23646faa441;madhuca ham. ex j.f. gmel.;;;;
135;5e4d5fed-fc48-4922-9afd-c8d85e277d7b;glochidion j.r. forst. & g. forst.;;;;
137;4fcb28c6-6cea-45de-8506-a765f11ab9dc;alyxia banks ex r. br.;;;;
142;ac251c87-a921-4f10-9845-a7b721aa53da;syzygium p. browne ex gaertn.;;;;
146;68e22a08-9198-4067-aee8-505d431a8d13;colysis macrophylla (blume) c. presl;;;;
147;dbec444a-6fba-49b0-b589-33a58e05d357;deparia boryana (willd.) m. kato;;;;
148;0ab594ba-5182-4b21-8733-e9bdc00df623;euphorbiaceae juss.;;;;
150;1df40396-f192-45aa-a529-d0778bd5f1d9;syzygium p. browne ex gaertn.;;;;
151;d70bf929-b639-4fea-b6b0-25830b3e8150;syzygium p. browne ex gaertn.;;;;
155;d877114b-1246-468d-8c08-afea7de5576a;glochidion j.r. forst. & g. forst.;;;;
157;f60a8865-b306-492e-9c7e-7ae7186ff815;rubiaceae juss.;;;;
161;c2869222-ab0a-4c2f-8477-6c8da82f2ad8;syzygium p. browne ex gaertn.;;;;
164;05e46794-ae40-42f3-8a93-92a72c74e441;madhuca ham. ex j.f. gmel.;;;;
166;45374292-8c5f-484c-9ac9-fb791fb29978;ficus pellucido-punctata;;;;
167;4b8b40d0-72ca-4070-993c-04e361faa2d8;papuacalia milleri d.j.n. hind & r.j. johns;;;;
171;7f8abdf9-51d4-4e06-90d4-f3acf8c9def8;belvisia spicata (l. f.) mirb.;;;;
172;73614120-604d-421d-9153-95f285706a6c;orchidaceae juss.;;;;
173;607660fe-6c19-4c4f-84b9-6f805d34d6da;orchidaceae juss.;;;;
176;f03d518c-df53-42b5-86ad-5707fb572044;glochidion j.r. forst. & g. forst.;;;;
178;46b800d2-2611-42f7-b9e5-74e94015ecf7;undetermined;;;;
179;7917a951-9acd-4294-b68b-764196a916ed;sabiaceae blume;;;;
182;eb0937e8-3781-45fb-9932-d2b87bc37971;anacardiaceae r. br.;;;;
183;102b0786-0a5d-4455-8293-ef49ece73a70;orchidaceae juss.;;;;
184;79bfa40f-3359-4857-a6b6-6526c2157301;orchidaceae juss.;;;;
188;cf0809e7-1681-4422-b3aa-3a546eb5eef4;syzygium p. browne ex gaertn.;;;;
192;a0465e88-af59-49bf-9ae0-6e35e06e0717;glochidion j.r. forst. & g. forst.;;;;
195;9824261f-1ce1-4450-8c48-5fab108c52ad;embelia coriacea wall. ex a. dc.;;;;
196;1fcb9231-f923-4715-a210-7597c10f5de1;undetermined;;;;
197;5a09a31e-414f-433a-82b8-120bc0a343b9;undetermined;;;;
203;79a1afd2-efee-408a-888a-f8a1af029a57;barringtonia j.r. forst. & g. forst.;;;;
204;a5b1f76b-3869-475e-9a76-c30d127f624c;syzygium p. browne ex gaertn.;;;;
205;536980da-5603-4b91-bfba-8e1068ac8316;syzygium p. browne ex gaertn.;;;;
207;b7d7004d-5150-4dfc-895c-da1722b939a3;alstonia r. br.;;;;
211;ccfc56f8-b629-4a3b-bd88-4dbb944a7479;cornopteris seramensis m. kato;;;;
212;5ded8f7f-3307-48b6-9117-67f19465f8f8;colysis macrophylla (blume) c. presl;;;;
216;8cc90974-7807-4473-b0e1-ad8983051d59;diplora schizocarpa c. chr.;;;;
218;df8e74b0-c0fc-4156-b757-fc1d567f8fab;gardenia schoemanii teijsm. & binn.;;;;
219;4b2c56ec-24ec-4c16-8e80-15d17e03caa9;undetermined;;;;
226;06939df7-b6a0-44b5-8b84-6e0297e830fb;ctenopteris moultonii (copel.) c. chr. & tardieu;;;;
227;5273219a-81d0-4684-a886-cf6674277082;alsophila glauca (blume) j. sm.;;;;
228;57d8875a-2418-49cb-8875-bd61ef0c59e0;undetermined;;;;
230;ac8ce371-5fe6-45a6-a008-5b65a2ddcee9;undetermined;;;;
233;1ad99e14-069d-4c15-b62d-78cb0ccc2062;undetermined;;;;
235;e358a634-4b49-4809-bcee-86f532e86172;undetermined;;;;
242;45110de8-96e8-42ba-8108-b4310a43a7b6;calanthe r. br.;;;;
244;6497b201-c657-49f1-9fe5-39928a141a56;embelia burm. f.;;;;
247;7da9013d-d06f-450e-ba0f-e82ef933e7c8;undetermined;;;;
250;4b44ccc2-550a-495c-9abb-0c7408a4aec3;undetermined;;;;
256;07f81ae5-2d0f-4853-a8fa-8bb8773d61e7;digitaria ternata (a. rich.) stapf;;;;
260;2314cbd5-08e6-4303-8c20-1660915b2652;hymenachne auritum;;;;
262;48722d7e-c0ec-46d8-a778-2fd0390852b3;melastomataceae juss.;;;;
265;bfa612e2-66db-4617-bc15-a496383f1104;undetermined;;;;
267;b27201cb-3dbc-438c-bab5-b1db1c9ffa4c;dicranaceae schimp.;;;;
272;bcc8a91e-6105-4436-a61a-bcb57fdd9560;undetermined;;;;
273;30d3c6ec-23b7-4a07-b4eb-8b994f87420e;undetermined;;;;
276;36897801-955f-40e4-84f3-468b0b9f621d;ficus septica burm. f.;;;;
281;2a255e90-2f08-4895-a3ca-1dfc85fbe3c1;syzygium p. browne ex gaertn.;;;;
284;9e1ab49b-9512-401d-b1b2-47858c11efd0;undetermined;;;;
285;36273f4e-b770-4e32-8cf5-cb4a76afb2b5;undetermined;;;;
287;c2bfe862-8b1c-4976-887a-e42140dcacb6;annonaceae juss.;;;;
288;e5176799-69b5-4665-90a8-3a3ca44dab9f;syzygium p. browne ex gaertn.;;;;
289;d13ba1f4-4bb7-4292-8dda-2929908d93ce;rubiaceae juss.;;;;
291;7c6509c5-b609-43e7-91b4-3cfe3deb5577;harpulia g. don;;;;
292;294bdd22-87b6-4fe5-8a89-2834987ee550;embelia burm. f.;;;;
298;5147f8a7-9ad9-47fa-8263-f32076bc82ae;procris comm. ex juss.;;;;
300;87d73838-d659-4129-9b29-e83883c0ceb9;alsophila glauca (blume) j. sm.;;;;
301;629bc81d-2334-4355-9cbd-fb549fe6bad8;phaleria coccinea (gaudich.) f. muell.;;;;
304;f43a2d2f-7364-40ad-ae5b-ca3c48f2b1eb;syzygium p. browne ex gaertn.;;;;
305;69a134c5-e18f-4b7f-94a6-6e11b282ef34;barringtonia j.r. forst. & g. forst.;;;;
306;10d1a4a1-6b3c-4b9a-81aa-13bc139ecf52;phyllanthaceae martinov;;;;
308;c2f688a7-e757-495e-a18b-3995129cf757;maesa perlaria (lour.) merr.;;;;
312;65253e24-3838-45d7-b6f7-8371ba56aecc;ardisia leptalea b.c. stone;;;;
318;ba9a914a-8e86-49dc-a5ce-38a123789af6;euphorbiaceae juss.;;;;
319;2cf6c0b4-e571-47e8-8efd-92c73f29f567;icacinaceae miers;;;;
320;b060a55a-f203-468d-a23e-cb17119c5984;orchidaceae juss.;;;;
324;dbbc3daf-a968-4d24-b2b8-3dce3f8d1dbb;syzygium p. browne ex gaertn.;;;;
326;3b4dcec4-c702-4d78-bea9-419e7d6de0d9;gardenia j. ellis;;;;
333;7eebee59-7d0d-42c1-b9ee-0f5303b8108c;tasmannia r. br. ex dc.;;;;
334;05816288-e5f4-4ca1-9f99-f6226b6eb689;annonaceae juss.;;;;
336;712a6a6a-8b06-41c5-acc3-9a3ec749cec1;embelia burm. f.;;;;
338;c11a443e-1098-4e30-8583-1bc0c2065708;vittariaceae ching;;;;
340;be928f88-1044-4b18-9604-84d2c3c84ee5;syzygium p. browne ex gaertn.;;;;
342;13e4f224-29de-4e38-babe-f49393bbdfd4;orchidaceae juss.;;;;
347;f883aa87-3414-4a18-87ec-b82b62f02799;palmeria f. muell.;;;;
348;f8b1f75f-5705-46ea-a05c-ecdebe26181d;syzygium p. browne ex gaertn.;;;;
349;e41c1e78-2c42-4d26-8a8e-a2e68ade155e;syzygium p. browne ex gaertn.;;;;
351;b44599e7-a7a1-4d10-b52a-61bbffc4d239;syzygium p. browne ex gaertn.;;;;
352;1756ce2e-b4e7-4171-8386-6b90cad5e384;syzygium p. browne ex gaertn.;;;;
353;de3f411f-22ba-4736-b8f3-2234aa3be2a7;syzygium p. browne ex gaertn.;;;;
354;b56ff828-32d0-421f-8659-a78a81723206;syzygium p. browne ex gaertn.;;;;
358;40f4489f-aec0-4f5b-b64e-bc43719bffc4;lauraceae juss.;;;;
360;e592498e-7713-4550-b8f8-cd70dc6ffba6;cyrtandra sp. nov. ined. ex phillipson;;;;
363;d3ae0655-bcaf-4934-ae7c-d82511e4737a;orchidaceae juss.;;;;
364;b29958d2-0287-471d-a27f-d8ff01dcbfe6;orchidaceae juss.;;;;
370;2683e72c-9917-4d08-8a46-3ec82a314723;claoxylon a. juss.;;;;
373;70caaa9d-7fd4-4f25-806f-2a163a096faf;asclepiadaceae borkh.;;;;
374;6a663b1b-7e6b-4533-9eab-61295e8bf61b;orchidaceae juss.;;;;
377;10ea80f5-eded-4584-a497-d2471c4ea4f7;helicia moluccana (r. br.) blume;;;;
378;55a48623-d0fd-4375-ab56-9d2b18722ea4;syzygium p. browne ex gaertn.;;;;
379;c7f4f1c8-fc66-4cf5-a1ee-69bcbf2cd299;syzygium p. browne ex gaertn.;;;;
385;0ba8c49d-b4f1-4f72-b2d8-1fd894575217;gardenia j. ellis;;;;
388;243c8f7a-c870-45f4-8519-95d1f36e1ec6;davallia simplicifolia c. chr.;;;;
390;1137f0c3-0014-4c23-9753-b1ac0b0534d7;myrsine rawacensis a. dc.;;;;
392;55477dd4-b9f4-495b-a6a3-ab4566c65194;colysis membranacea (blume) c. presl;;;;
393;b38ac80d-a8dc-469a-80a5-79707c07c4da;deparia boryana (willd.) m. kato;;;;
395;d4b65e78-8631-43e6-a704-295faa651415;ctenopteris contigua (g. forst.) holttum;;;;
399;b7541fe4-7f6e-4d4d-8ba1-0eb8ae721161;cephalomanes c. presl;;;;
400;4da68df4-6519-4772-950e-63e7f62a0cd3;ficus septica burm. f.;;;;
401;4e22e5e2-5cbd-4774-804f-23a6a71ba88c;colysis macrophylla (blume) c. presl;;;;
402;b448c698-a4f3-4a0f-8b08-0ed5cd02afba;helicia moluccana (r. br.) blume;;;;
404;df0be3cc-4f01-4b25-8fd1-744d6b00803e;ficus pellucido-punctata;;;;
414;a69c22d1-640f-42f6-bd8d-9afc5cd3a95f;sapindaceae juss.;;;;
415;1661cc4e-b017-485f-9732-fccadea1b224;apocynaceae juss.;;;;
416;bd5de207-57b8-4255-92e9-7667b37620c3;orchidaceae juss.;;;;
417;e8a8168e-2f2b-4e22-8c01-8ca2e2713ff2;gnetaceae blume;;;;
418;4026d24e-803a-449f-9979-5cabdd1c297a;gordonia j. ellis;;;;
424;4ccd803b-bd70-46e3-bf4e-e2fe59a48167;syzygium p. browne ex gaertn.;;;;
425;359084a5-2b91-4c14-a997-eb529116cb27;syzygium p. browne ex gaertn.;;;;
426;706c95ea-d9a2-42bd-b60b-c4346dff205d;syzygium p. browne ex gaertn.;;;;
427;d31cfaf4-73fa-44f8-bed2-13d0b92886b4;harpulia g. don;;;;
430;46bfc94c-4b15-4e32-9711-068cc083ae6d;orchidaceae juss.;;;;
431;6703f6fb-93dd-4fb9-b69a-5649a47378e7;pometia pinnata j.r. forst. & g. forst.;;;;
434;458322bd-a04e-44a2-876a-594f3590cc25;eulophia r. br.;;;;
438;3d28b9af-4beb-4328-b005-c13f3600808d;syzygium p. browne ex gaertn.;;;;
441;01034170-5478-4c19-84ff-048de8b268c7;rubiaceae juss.;;;;
443;d5f96dc7-ec9e-45d2-9df5-b1a020a8a717;rutaceae juss.;;;;
444;7c22075a-0ec3-46f4-94ac-8ce86bf6fae5;loranthaceae juss.;;;;
445;cfbe82b9-5b6a-49d4-851c-3e3e817921fc;ficus septica burm. f.;;;;
446;7648e3e2-d38c-46ea-b398-01cbcb0d1f4b;orchidaceae juss.;;;;
447;e6da52b1-02e9-43f9-998f-a98d91087641;syzygium p. browne ex gaertn.;;;;
448;efcb2948-8a56-43e6-ad1c-a62f864fc019;pometia pinnata j.r. forst. & g. forst.;;;;
450;aa01e7a4-e728-49b5-8819-fa226e5bfd55;araliaceae juss.;;;;
451;da5b41b5-dedf-4a26-bf18-84991ea2f2c9;phaeanthus hook. f. & thomson;;;;
452;a21d25b9-104a-40a1-9d8d-172f80d35ad9;primulaceae batsch;;;;
453;e4f2e1f2-dec0-490b-b382-e90d18d57013;pteridophyta schimp.;;;;
457;ffbf69a6-12cc-40d3-93e8-9939c74e05e8;syzygium p. browne ex gaertn.;;;;
458;27990a65-e053-4f83-ae98-72edb9cf73d7;syzygium p. browne ex gaertn.;;;;
460;3ddc17af-afb4-4f58-9608-c1f11f0ac118;colysis membranacea (blume) c. presl;;;;
461;47bbc8c6-87dc-413b-a273-18a651ce64fe;vanda jones ex r. br.;;;;
462;9631e50f-db44-4ca9-9291-d0769861a545;sematophyllaceae broth.;;;;
463;5edc9eed-db82-45cf-862b-e0620ba57430;goniophlebium (blume) c. presl;;;;
464;8042c02b-110f-49e4-af88-0f92609502be;orchidaceae juss.;;;;
465;c93e7590-61b7-44a8-97d3-1a6b4b91f94a;grammitidaceae newman;;;;
466;d33d4a09-daf7-46b0-ae1a-7156fee767ab;prainea king ex hook. f.;;;;
469;e007df59-55b8-470a-a854-1d36ad10df30;syzygium p. browne ex gaertn.;;;;
470;75929f52-4c0b-4a06-a280-e4fcc7ba26dd;syzygium p. browne ex gaertn.;;;;
471;bb7aa33f-fdf8-4b2b-b055-cc2aa74dab71;leea indica (burm. f.) merr.;;;;
472;c930f0a5-48be-4483-94d2-a249a8aacd86;ervatamia (dc.) stapf;;;;
473;3f1045d4-4359-46e6-b6f0-df2c3e46cb78;gardenia j. ellis;;;;
476;2e2954cf-a5d8-47a3-9843-ee57b706a59a;lindernia crustacea (l.) f. muell.;;;;
477;8125a9c0-57ed-4d9b-859d-96dc318c4c27;araceae juss.;;;;
478;84f4d945-31ce-4c50-906c-c07a72b35db1;orchidaceae juss.;;;;
479;0ea18fed-d70a-4469-afc2-674a520cfcfe;orchidaceae juss.;;;;
486;71247357-4814-4589-a792-b969c835fc53;syzygium p. browne ex gaertn.;;;;
488;a561ae2b-d5af-4094-91a4-c68e823014d4;tylophora r. br.;;;;
492;60802b8a-8cc8-4d7e-bfa6-2b7d6964519f;sphaeropteris glauca (blume) r.m. tryon;;;;
494;f53f8a16-2ab4-4fe7-8765-a1d4e6e5f7fb;dipteris lobbiana (hook.) t. moore;;;;
498;1ea98917-9397-42b7-ae44-7eebc42c7346;pometia j.r. forst. & g. forst.;;;;
503;3115dfe0-69b3-4faf-a52a-2ed2a165ff08;diplora schizocarpa c. chr.;;;;
507;228e9e5a-e7cc-494d-b372-56129f66aa98;diplora schizocarpa c. chr.;;;;
508;2f8bd1aa-7f58-4f1c-b793-1582c7978fe4;diplora schizocarpa c. chr.;;;;
509;fa37351e-586e-4993-89d8-9740d355de91;diplora schizocarpa c. chr.;;;;
515;7011726e-2fdf-4d72-af6f-bf60c013d142;deparia boryana (willd.) m. kato;;;;
517;be22d12e-e90c-4bee-aaf7-96611eede54a;shorea roxb. ex c.f. gaertn.;;;;
518;47637b3f-3e6c-4da5-8a27-b8bcdb5ebaf4;undetermined;;;;
519;70f09d62-8aa5-4794-aa84-b91f11f1cf89;undetermined;;;;
520;31e9e326-8e4c-4aa3-9d6f-e084c90b5f4d;undetermined;;;;
524;b94a379f-f6fe-4d35-acc9-e7e8f88a00a6;undetermined;;;;
525;025f2fb6-25c6-4bc8-b0d7-2c1ff2f70802;calanthe r. br.;;;;
529;b6cc1a19-b93c-4cb9-983e-d0a076aaab9a;gardenia j. ellis;;;;
530;2c4111d1-d9ae-4493-a27f-06f8e56d03b5;phaleria coccinea (gaudich.) f. muell.;;;;
531;909e9c0b-e5dc-437c-a3bb-3598b86817f9;barringtonia j.r. forst. & g. forst.;;;;
532;69f77b1b-d754-47f9-a487-906a6b5bd00b;syzygium p. browne ex gaertn.;;;;
533;95d12025-0792-45df-af15-c6c2a9fcab46;myrtaceae juss.;;;;
535;4a80d4b1-eefc-41d5-9d8e-db9c4156a7dc;cephalomanes c. presl;;;;
542;9c6443d7-f685-47bf-9b50-b8d504beef2c;acanthaceae juss.;;;;
543;61c9fbbb-c015-4246-b61f-348b19070b85;asclepiadaceae borkh.;;;;
544;0b5e5aa6-eb34-49ec-8d23-0726b6d93b36;orchidaceae juss.;;;;
545;f974f5c5-1e01-4468-96e3-47ed4365e6c0;orchidaceae juss.;;;;
546;c95d6743-7d27-415a-9c34-fc3749d749ef;orchidaceae juss.;;;;
547;e6340c35-cfbd-4705-a218-1daa29512f08;phaeanthus hook. f. & thomson;;;;
550;d03ab15f-83d5-4f31-976c-03e0cae6de9e;diplora schizocarpa c. chr.;;;;
552;a8dc0c1b-ec95-4d20-8913-a7e5b085645f;aglaia parviflora c. dc.;;;;
559;e24d3ab0-2956-4442-a595-7474bf5740d4;maesa perlaria (lour.) merr.;;;;
564;cee9dfa6-dbb2-4b86-961e-2f074c921807;calobryum blumei;;;;
566;399635f3-cdb8-4f19-b7b7-5bb194d135fe;humata vestita (blume) t. moore;;;;
567;475c0562-cbb6-42c2-9313-0817a4bc1910;sporobolus r. br.;;;;
569;fbb99a60-9493-43ee-bf2d-5c5693d14243;goniophlebium (blume) c. presl;;;;
571;96688d12-5459-4f16-94a2-0233db3fafdf;undetermined;;;;
579;b2b588da-8659-4ad6-92ff-52b66ddd6f23;embelia burm. f.;;;;
586;bae09a32-b240-48a3-a2db-411218c87834;atractylocarpus novoguinensis (broth. & geh.) d.h. norris & t.j. kop.;;;;
593;955c4f88-97d5-40dd-af90-702c111b0c0c;lomagramma sinuata c. chr.;;;;
600;64cb3cd8-ae1b-4fa9-a282-69db18e49724;undetermined;;;;
601;cf8ba804-9d51-445a-839b-ef1bd274938c;undetermined;;;;
607;e5c5eab9-7604-405b-afc3-16b3c129daa1;undetermined;;;;
610;1cda8b19-997d-4f73-9410-bb82395ed07b;rutaceae juss.;;;;
618;64f51f17-cafc-4b27-a69e-720062076522;weda fragarioides welzen;;;;
629;0b5c8bf9-542c-443e-a3cd-434c9d5ff3e9;undetermined;;;;
632;d88e055d-9980-4761-95bd-a273e5212b50;eria lobata rchb. f.;;;;
634;3f75a463-cff6-48a7-be60-be1cb98260aa;humata pedata (sm.) j. sm.;;;;
648;1c34026f-cb7d-44d8-a382-f27e2c5205ac;pycnolejeunea micholitzii;;;;
650;6672f51f-5226-4c69-88e5-15b2f520d0ae;embelia burm. f.;;;;
651;71dfed6a-555f-48a6-9665-93ab8dd2723d;ardisia recurvata c.m. hu;;;;
653;27a086ef-5a61-4fef-a13f-59dcbf0ee9b8;undetermined;;;;
654;d051444d-d069-4e91-89cf-c9df4a68d4c8;embelia burm. f.;;;;
671;fcb9ed82-8772-4419-84cc-df312b1d4363;rhacocarpus alpinus (c.h. wright) paris;;;;
674;5fffaa93-f5a2-4cf6-823a-e6e3b9f0dc45;undetermined;;;;
677;2f138f50-f5be-4464-8140-47e1ce3c3984;humata alpina t. moore;;;;
678;1bb1ffab-47d0-4ff9-ab26-97422c9155a7;poaceae barnhart;;;;
682;7ba54179-1ba9-491a-aa2e-0433206ffec9;undetermined;;;;
698;f9b18ab8-d152-4fe2-8cc9-243a45c7f406;hymenachne auritum;;;;
743;66f34f27-7c26-4670-8ebe-1a46a7988765;undetermined;;;;
744;b9b02d1c-3fdb-4278-9e1d-4bcb92610bb9;undetermined;;;;
745;5b21c0e9-0640-4798-ac79-2bf02a0c1728;undetermined;;;;
748;ecc1cf5e-5ee2-4a4e-b6b0-961df79dbfe9;gottschea blumei;;;;
784;f10f992a-7c3d-4f01-bb81-749fcf1ca271;helicia moluccana (r. br.) blume;;;;
785;f60917cd-d3ed-4492-b487-e5b4489aabaf;syzygium p. browne ex gaertn.;;;;
786;49a799de-b886-44fc-a8c8-f7d5f9942a55;syzygium p. browne ex gaertn.;;;;
788;a1fbf578-9690-4e76-8d0d-4c2c7a2c9713;aglaia parviflora c. dc.;;;;
792;d92be73d-a9b5-4526-9bfd-d4cf983774cc;vanda jones ex r. br.;;;;
796;bcf4e184-a8d1-4a9d-86cb-c9e78d38b146;araliaceae juss.;;;;
798;9380d9b8-1eac-455d-a724-b4da58032133;syzygium p. browne ex gaertn.;;;;
799;916994c2-725d-4dba-858b-0226447ec9d1;annonaceae juss.;;;;
800;beeae6e9-3177-4855-b8af-9f95c921add3;orchidaceae juss.;;;;
801;cf27bf7d-be15-4ab7-b69c-808c881b54b5;orchidaceae juss.;;;;
802;e424bc48-c89b-49ce-be6b-8b816b3ee5b5;orchidaceae juss.;;;;
808;07afd1fc-a5b2-4729-8176-9bb053a6857f;syzygium p. browne ex gaertn.;;;;
809;9a68454b-d461-4a0a-ad0c-11c9a189b98c;euphorbiaceae juss.;;;;
810;0e54435e-12ce-4785-b65b-85b975f5c582;rubiaceae juss.;;;;
816;944dde4b-f8ea-44e8-855a-3ee5b66639a5;syzygium p. browne ex gaertn.;;;;
818;68ce312e-4db0-43d9-b7a6-9d1c8ab89122;sersalisia r. br.;;;;
826;e7ae4dd8-64f1-430c-8375-de7b1f733b17;madhuca ham. ex j.f. gmel.;;;;
828;9dcb12cd-61ed-4c4b-bd4f-e4a50594ae97;pimelea concreta f. muell.;;;;
834;af99ab3a-2f98-4325-b009-426f40decb2a;sapindaceae juss.;;;;
842;1f087d22-96f6-4248-9d8b-e20a6897cde3;ficus microcarpa l. f.;;;;
844;c35481db-0077-4330-a6b1-79ad23dba186;weda fragarioides welzen;;;;
847;29eaac44-40b9-47c8-bea8-5a6c1781b736;piptospatha n.e. br.;;;;
849;39a4de94-2300-4d85-8370-62ce4d2b072a;myrsine rawacensis a. dc.;;;;
850;216c60de-9e85-44c4-aeeb-0e27a4bcbf2c;asclepiadaceae borkh.;;;;
854;c8907d76-9a88-4041-919a-e829b2a5792b;ardisia forbesii s. moore;;;;
857;e2eabd6c-c316-4241-aa80-3958b8f4b592;syzygium p. browne ex gaertn.;;;;
859;28b393c3-2584-40e5-b305-5b04c54df918;pterobryaceae kindb.;;;;
860;08011f5f-d2b2-48cf-9d6c-93a74dc3223c;rubiaceae juss.;;;;
861;4735a4df-8104-42ab-aede-f1f4370ceac0;orchidaceae juss.;;;;
863;0476b37a-15ca-475b-8bec-881db2d44ecc;syzygium p. browne ex gaertn.;;;;
866;a2ff4bc6-cdcd-4283-94ea-8a662f473963;syzygium p. browne ex gaertn.;;;;
867;9bf279fa-c382-4986-92ae-0a6912d96ac3;syzygium p. browne ex gaertn.;;;;
868;918bee15-b2ed-414c-9eda-fe79cfb62969;orchidaceae juss.;;;;
869;27e995c5-1ffb-4f28-8509-85f8353a5d53;polypodiaceae j. presl & c. presl;;;;
870;9bc614ac-b48a-41f1-8531-d035d7a38aff;leea indica (burm. f.) merr.;;;;
872;291e780a-7605-4f46-aab9-2ff44e4d7e87;syzygium p. browne ex gaertn.;;;;
886;338d9a06-dc31-45b3-baa1-6e05076a4f57;syzygium p. browne ex gaertn.;;;;
889;9b017684-c7d5-4164-b01d-9fa4e97c69a7;syzygium p. browne ex gaertn.;;;;
890;a111ffe8-ef69-4441-b736-8abd9809743e;syzygium p. browne ex gaertn.;;;;
893;72cc3a32-1b62-4b74-98ec-d75ab793f4a6;apocynaceae juss.;;;;
894;fee0ad15-665a-40c8-a3af-a54e4e90245a;sapindaceae juss.;;;;
896;06ae176c-2fbb-407f-ac47-972dea1237f9;macropsychanthus novo-guineensis pulle;;;;
897;66ff01bc-5156-4e66-a513-ddde8e466e8f;syzygium p. browne ex gaertn.;;;;
898;ab63e2f6-def8-4868-b154-813f2239bcd8;syzygium p. browne ex gaertn.;;;;
903;fd52d1fd-ad20-40ab-a6fc-848764fa5034;malaxis amplectens (j.j. sm.) ames & c. schweinf.;;;;
904;203e7f5a-dc86-4e9b-9ff9-204992002e5d;glochidion j.r. forst. & g. forst.;;;;
905;81763c5a-92c3-4e13-b04c-eb5af8bb5e1c;eucalyx haskarliana;;;;
907;8ac4f7ba-b582-4e1c-8909-b68259b39ae6;dendrobium austro-caledonicum schltr.;;;;
909;56a14440-3c1b-4ae2-aa25-08aad044f352;ficus microcarpa l. f.;;;;
911;4f035037-0b4e-4ed6-afdd-49f6d6900e64;syzygium p. browne ex gaertn.;;;;
912;cdd15e47-9ef9-469d-9d34-b73de861d471;vittariaceae ching;;;;
913;72cdedc3-4a67-48fe-8173-1de547dcfb4a;menispermaceae juss.;;;;
914;915e9155-ce73-4e0c-9f9d-2162da61172e;asteraceae bercht. & j. presl;;;;
916;d45ce052-08c0-496d-8366-3730e42adcb5;barringtonia j.r. forst. & g. forst.;;;;
917;973104bb-33ba-485a-b73b-6d341f27763f;apocynaceae juss.;;;;
918;12c0e386-11a4-4a40-942c-5aea1661a298;fabaceae lindl.;;;;
919;1525eee2-291b-48cb-a53c-2d0719388122;convolvulaceae juss.;;;;
920;9b8253fb-cdf4-4767-8b2c-c6beca7d8dcf;rubiaceae juss.;;;;
923;b1f2d991-fced-4ee6-bcb9-25b457084a36;syzygium p. browne ex gaertn.;;;;
931;8c6726a0-4896-44cd-b8ea-abbc1ac091b9;syzygium p. browne ex gaertn.;;;;
933;e8d15518-eab1-4d47-bfaa-0b2b7dc12fa5;hymenophyllaceae mart.;;;;
936;2b38aba9-c24d-4099-8de0-6b518c861e8b;cephalomanes c. presl;;;;
937;5ef1bd08-1687-46cd-a27c-1fec73cae700;colysis macrophylla (blume) c. presl;;;;
939;a2e8f339-7bd3-41c6-9dea-5fcacd9107ff;pteridophyta schimp.;;;;
940;b6509298-f9eb-47ad-ab59-cc5f604ffb9e;syzygium p. browne ex gaertn.;;;;
945;5efb27fa-10ef-457f-b211-b36aca6a281e;syzygium p. browne ex gaertn.;;;;
946;cdbec18b-c30e-4ec9-938e-ec54728a71e6;orchidaceae juss.;;;;
947;9ff9b6e6-5925-4d6c-9d95-ec4fe0aff70c;orchidaceae juss.;;;;
948;1a15363f-9f0a-4632-8d23-0983c5bdab3c;orchidaceae juss.;;;;
949;5f0900df-fbf4-4e42-9276-17fa91a1d6d3;apiaceae lindl.;;;;
955;0a779a98-31c2-44c5-bf06-c22f71ed5e8e;syzygium p. browne ex gaertn.;;;;
956;ac4be960-0f7b-4f15-89ed-df5d4626fadd;syzygium p. browne ex gaertn.;;;;
963;ce887b47-ee3f-40a6-8a01-8491e9b026c1;vanda jones ex r. br.;;;;
968;72267ac0-d111-44ee-97b5-bc2675b712fd;orchidaceae juss.;;;;
969;147979e5-4682-471e-bb20-44f89f949b68;orchidaceae juss.;;;;
975;f2c7b935-1e49-4c6d-8ed8-39ddeba170eb;syzygium p. browne ex gaertn.;;;;
976;7e808626-70c0-4ed7-ac43-dec1596afba2;syzygium p. browne ex gaertn.;;;;
977;856dadfb-572c-4a69-b649-0788a91672be;syzygium p. browne ex gaertn.;;;;
978;1f53c633-820e-4bfd-90f9-025c4906697c;alyxia banks ex r. br.;;;;
982;b0c113f5-2db7-40ce-b442-9b8d55ef6446;ardisia javanica a. dc.;;;;
984;9fa94e37-7229-42a4-96f8-0ae722d5f31e;colysis macrophylla (blume) c. presl;;;;
986;b2091bdb-d159-4ce5-9bdf-ac6a24aefc57;lamiaceae martinov;;;;
987;55646bef-706f-4b9a-8ce3-caa53a9026be;acrophorus nodosus c. presl;;;;
988;3f2502b1-1ff6-4fac-b936-7e41a0faabb2;syzygium p. browne ex gaertn.;;;;
990;f858e81d-5ad6-4bbf-97ad-af5fb1f412aa;acrophorus nodosus c. presl;;;;
996;54457bbb-6c2e-420d-8110-695a79b44f14;cordia dichotoma g. forst.;;;;
999;8584b4d2-47e1-4bda-b003-bab618d1fbde;sapindaceae juss.;;;;
1000;69d13386-b0e6-4d1e-ac1a-588567d0942a;pteridophyta schimp.;;;;
1006;558ec4c6-43f5-4d77-b864-5842d80be2af;syzygium p. browne ex gaertn.;;;;
1010;8efe1799-5202-4cda-ac9f-c070adfce7b4;flickingeria a.d. hawkes;;;;
1011;2355da8b-11a2-4c9d-bc1f-a30cb61f3915;diplora schizocarpa c. chr.;;;;
1012;7d0df4bb-9e42-4894-8b19-3c40227b1703;hymenophyllaceae mart.;;;;
1013;c0fce79f-0d96-40d9-bb21-008a3e5b4f31;ardisia sanguinolenta wall. ex blume;;;;
1014;39328772-fe99-4682-96fc-31f668b67b5c;orchidaceae juss.;;;;
1016;589bc740-33fd-4e81-98d0-39a3a9ac81ce;pometia pinnata j.r. forst. & g. forst.;;;;
1017;5432b9c6-b867-4bfb-8277-b6e4add3bb5c;ctenopteris contigua (g. forst.) holttum;;;;
1020;ae402312-18e3-4bd9-822c-483e3f39f1e0;undetermined;;;;
1021;967ce0e7-f869-4964-98eb-c0a3842e3c97;undetermined;;;;
1023;605df7a9-5444-4e77-afa9-5fb07b3f8b71;cornopteris seramensis m. kato;;;;
1026;2db618d4-3d70-4ae6-b468-92d5b2504b36;vanda jones ex r. br.;;;;
1027;da69291e-d0d1-4d05-97cb-b17e01795862;syzygium p. browne ex gaertn.;;;;
1029;116f44f7-dc12-4980-aaa8-26f0eefff86e;madhuca ham. ex j.f. gmel.;;;;
1030;ac5eec37-82e5-4e14-9aa5-05ba57e037af;orchidaceae juss.;;;;
1031;90408134-5cdb-4f18-afc7-b410873deb4c;calanthe r. br.;;;;
1032;82a7e54b-26ec-482d-950b-bb728bce23d2;phaleria coccinea (gaudich.) f. muell.;;;;
1034;29e83ef1-3997-4a13-9c1b-6ac1855f4995;apocynaceae juss.;;;;
1036;0d8411f5-97e6-4a67-af2d-1c47ee57b8dc;apocynaceae juss.;;;;
1038;70f4c1a0-7c61-4f7b-ba80-c4502e0dcd63;barringtonia j.r. forst. & g. forst.;;;;
1039;e70ba16c-ab26-46cc-859c-093a480fe049;syzygium p. browne ex gaertn.;;;;
1040;d495f1d1-8910-49bc-925f-3191a6ea2b64;diplora schizocarpa c. chr.;;;;
1044;75679320-df37-4f83-8087-cbfce71d470d;goniophlebium (blume) c. presl;;;;
1045;b02868f0-9dcb-4229-afea-7779ba27161b;rubiaceae juss.;;;;
1049;546f1aa9-2e16-4341-9b9c-768d353d2973;barringtonia j.r. forst. & g. forst.;;;;
1051;93de4a6c-1b8b-4b68-9d9f-7364e3130b4e;syzygium p. browne ex gaertn.;;;;
1052;3a0669ed-e160-4cc0-bea6-293124cc72c0;syzygium p. browne ex gaertn.;;;;
1053;b308897e-c316-4e59-afc3-c6d593f6c34f;mallotus penangensis müll. arg.;;;;
1059;f8e4fc51-a9fe-4539-aebe-3501f3640028;calophyllum articulatum p.f. stevens;;;;
1062;f517923b-e3e5-4cff-a72c-55ff209cd134;echinochloa p. beauv.;;;;
1064;970b65f6-1add-47ee-96f8-0151a926542d;gardenia j. ellis;;;;
1068;8a2f13cd-abb3-44bc-a003-ae3fc1becd5a;rubiaceae juss.;;;;
1073;b62d596e-9a24-43d3-b9f7-18a64b6068a5;syzygium p. browne ex gaertn.;;;;
1074;b6101d54-55ff-422b-babd-9c26b733f535;syzygium p. browne ex gaertn.;;;;
1075;dbfdb198-f95f-46a3-9b0e-f09babd03865;syzygium p. browne ex gaertn.;;;;
1082;307b4764-c239-4e4c-9aff-c746667f9da1;orchidaceae juss.;;;;
1084;dfed79e1-3210-4f03-8b56-154a4da13662;syzygium p. browne ex gaertn.;;;;
1085;56fc64fe-962d-406c-a8ea-6d6fce90870b;syzygium p. browne ex gaertn.;;;;
1086;c62218d9-0ae6-46a7-af34-5ebc5a443043;pycreus p. beauv.;;;;
1087;22e18966-deb3-411c-812f-3f068702770e;lomagramma sinuata c. chr.;;;;
1088;ef049b77-134d-42fc-aaef-9e209dcfcedf;orchidaceae juss.;;;;
1089;52d383d7-5ad4-4ec4-92af-3156d2d3cd1d;phaleria coccinea (gaudich.) f. muell.;;;;
1091;68711f6b-0caa-4eab-983c-67e1110aed18;euphorbiaceae juss.;;;;
1093;1e85a612-a7af-43bf-a9da-7f41fb6dcd24;davalliaceae m.r. schomb. ex a.b. frank;;;;
1094;4ccb78ff-2194-48fd-b6f8-f89e9234b63c;barringtonia j.r. forst. & g. forst.;;;;
1096;fba60deb-65ea-4a9b-87bc-d64b0ca8c4a2;syzygium p. browne ex gaertn.;;;;
1097;43cabbf7-a80a-4641-a527-0feffe9215ee;syzygium p. browne ex gaertn.;;;;
1098;17ec20b6-8281-4f6d-a9ac-50df7e8894b6;syzygium p. browne ex gaertn.;;;;
1106;80c3d698-16d1-41d2-834b-7b57b4eae894;calophyllum articulatum p.f. stevens;;;;
1109;fc66f0b3-5ecf-40d1-92c0-b88083e751ba;asclepiadaceae borkh.;;;;
1112;ad896964-7523-4504-82c3-c8190b9fd86e;shorea roxb. ex c.f. gaertn.;;;;
1116;feb59fc3-9ba1-4257-a5fa-f894c45a1bdd;begonia aptera subsp. hirtissima d. girmansyah & d.c. thomas;;;;
1118;dd1f6258-bd79-4a30-970b-d81a6827f0d2;acrophorus nodosus c. presl;;;;
1119;b08c2f4c-1f40-401e-b1f6-150ae8b02302;acrophorus nodosus c. presl;;;;
1120;7924475b-6e54-4005-98a5-c84cf762ff68;acrophorus nodosus c. presl;;;;
1121;10fd8c39-b613-435e-9bf9-2059d7839d92;phaleria coccinea (gaudich.) f. muell.;;;;
1123;d096d69f-ecf5-40ad-a2d5-b56b589ecd51;orchidaceae juss.;;;;
1124;a6f67875-29ab-44fb-9ca2-9aea232b5a41;rutaceae juss.;;;;
1125;5236bb1a-e34c-4141-9787-4e7f3c6c1cba;commelinaceae mirb.;;;;
1130;c841f883-090c-4bb0-b6f2-5c2defa164b0;barringtonia j.r. forst. & g. forst.;;;;
1132;edafc151-3d57-4d74-a1ca-1a75b2005052;calanthe r. br.;;;;
1138;1b7f49ab-d249-48fb-8bd0-6aaea699f7f9;acrophorus nodosus c. presl;;;;
1140;456b6430-6dcc-426b-89e7-fe6f7ff3e277;undetermined;;;;
1142;9b10cf88-3859-4e53-9907-cb4fc8927532;orchidaceae juss.;;;;
1145;a56e5c79-b284-4871-a115-f919e29bcce3;embelia burm. f.;;;;
1146;ce7b6216-ca03-47a2-ab44-062a815aa4cc;embelia burm. f.;;;;
1147;91b04fd4-19bb-4a4f-a899-45e5cec01faa;embelia burm. f.;;;;
1148;f86c4b6c-e4e9-49f1-89c0-4d0fe29884fc;hymenachne auritum;;;;
1149;468531d2-3e3a-4df4-811d-9e6f4f16884f;nepenthaceae dumort.;;;;
1150;4bcda9b7-bd14-4b37-a17b-7a71529901a8;apocynaceae juss.;;;;
1153;c807d056-c223-4b55-8dd9-a2c746c243cc;syzygium p. browne ex gaertn.;;;;
1154;9e501bdf-9d82-4b9e-8e51-3146ba9dd36c;dipodium r. br.;;;;
1159;255d4073-5da6-49f2-abe4-949fa901d074;dawsonia longifolia (bruch & schimp.) zanten;;;;
1160;2287bc26-4742-4abc-b3af-5c8853f6d69e;syzygium p. browne ex gaertn.;;;;
1161;7b9a87af-ca80-4713-a2df-f34a35a172f2;grammitidaceae newman;;;;
1166;22ded31d-6196-4b27-bc47-2716c93dad56;helicia moluccana (r. br.) blume;;;;
1167;976e3332-bf60-4537-b271-0d34d3e0fd8b;alyxia banks ex r. br.;;;;
1168;54789bcf-c17e-44d9-9fdb-9c356c3c2a20;helicia moluccana (r. br.) blume;;;;
1169;9da71be0-623e-4ff7-a3a4-45cc26303c3d;sapindaceae juss.;;;;
1170;3572a136-ffef-41fb-9630-fbf49339f6f4;orchidaceae juss.;;;;
1171;5b5512e5-17a9-4212-92e7-47dc17099c71;orchidaceae juss.;;;;
1173;9250aac0-2773-4280-ad23-cf7b7a3f0b9d;apocynaceae juss.;;;;
1175;e8b7b865-4f30-48de-a7f2-d09300c97864;syzygium p. browne ex gaertn.;;;;
1176;01d85f67-421b-4fcd-92bc-f8ac2efd630c;syzygium p. browne ex gaertn.;;;;
1177;eb5c1af7-1955-428b-85f1-957e635e1ad6;aglaia parviflora c. dc.;;;;
1178;161a9160-e5ab-47a5-8ff6-280fdcfbac4d;orchidaceae juss.;;;;
1179;dde49070-3ab1-40c4-a01b-a8e8bcc52d29;alyxia banks ex r. br.;;;;
1181;30f6fc01-f8cb-4c1b-a010-61ef53c27ff0;sporobolus indicus (l.) r. br.;;;;
1184;049a72ce-0fa4-4d86-8f97-ed02cf6ba3cf;ardisia imperialis k. schum.;;;;
1185;a99f86f8-f1dd-4cec-ae97-c5d459b3ee1b;euphorbiaceae juss.;;;;
1188;0c592c63-1bec-4b38-a344-f29e15466e82;orchidaceae juss.;;;;
1189;4da8366c-6510-4b7e-a2d3-ff8cb1ddc3a2;bambusoideae luerss.;;;;
1192;db1f2351-4909-467c-85f7-fc073c8d538f;myrtaceae juss.;;;;
1193;1f69cd53-bbf4-477c-a43b-68ad59dd7ed4;syzygium p. browne ex gaertn.;;;;
1195;9c9ff349-52df-4074-88c1-6c69abbd585b;syzygium p. browne ex gaertn.;;;;
1196;d2f19caf-dd24-45c6-83f4-93616019dd26;claoxylon a. juss.;;;;
1200;c32663f3-7cd6-48b4-a358-ca11f51a1562;alyxia banks ex r. br.;;;;
1201;61e12bd5-7252-4f18-b672-0694f8c27998;syzygium p. browne ex gaertn.;;;;
1204;e904d600-eab2-4805-b6f1-66e1bef2c522;syzygium p. browne ex gaertn.;;;;
1208;c174f782-a2b0-4531-8c11-80af84a368c7;ardisia sanguinolenta wall. ex blume;;;;
1211;42e09a85-6913-4156-acc5-92a0d9edd740;vanda jones ex r. br.;;;;
1214;961b8917-c019-4afd-be5d-65bca3e76879;ardisia forbesii s. moore;;;;
1219;2544d867-07c7-4307-ba87-ac27831dbff4;syzygium p. browne ex gaertn.;;;;
1220;faf01f9f-946a-4fbc-8d6d-c9744e1b9f78;calanthe r. br.;;;;
1223;bd53cbee-3245-4a57-adbb-6634a92008ac;orchidaceae juss.;;;;
1225;9d286703-f348-412e-896f-03efee104e44;daltonia contorta müll. hal.;;;;
1227;c20ebc19-e214-46be-a00d-b92a777497c9;syzygium p. browne ex gaertn.;;;;
1228;e53c7ca1-1fc9-4582-8754-8e26400189c3;sapindaceae juss.;;;;
1231;b01643c9-dc2e-4389-9da0-7fa14c56b84e;orchidaceae juss.;;;;
1233;c453c113-f785-4db6-9e04-fc57daf5cfea;syzygium p. browne ex gaertn.;;;;
1234;cf90637b-4594-4675-9f5c-51418911939c;alyxia banks ex r. br.;;;;
1235;f7db7f9d-eae1-4406-b8fc-462aa030ebdd;alyxia banks ex r. br.;;;;
1237;7619b8db-193b-431f-b0f6-34fb0b20d40a;sapindaceae juss.;;;;
1238;171682e5-a04f-4891-9e59-cd0fc64a080b;thelypteridaceae ching ex pic. serm.;;;;
1241;fb065776-b67f-43fe-92ef-f79dac7e39bf;dipodium pandanum f.m. bailey;;;;
1244;b721dc1a-ef54-4fc1-9dcd-ae29b508a88e;orchidaceae juss.;;;;
1245;f942ba35-ab71-4904-aac5-df5b06aa9e90;orchidaceae juss.;;;;
1246;6b8b9635-d16e-4186-98e5-02926bf89757;orchidaceae juss.;;;;
1248;035c0487-7007-4585-8a7c-8cd1820d5d1e;ardisia sanguinolenta var. parallelonura (k. larsen & c.m. hu) k. larsen & c.m. hu;;;;
1253;a9936d11-8b04-4d67-b812-803a7dda4ce9;syzygium p. browne ex gaertn.;;;;
1256;2820ddf2-f48d-4259-8784-8cdcf600b19e;leea indica (burm. f.) merr.;;;;
1262;0cb4c073-adac-4262-b409-c0433dbfe07d;ardisia sanguinolenta wall. ex blume;;;;
1266;c056da7d-2119-4834-8eb5-bf8ba3314eae;syzygium p. browne ex gaertn.;;;;
1267;48c2de51-6525-464e-83bb-0bd3ecb821da;syzygium p. browne ex gaertn.;;;;
1268;d909b229-a5f3-49be-bd4e-80aa2a336009;syzygium p. browne ex gaertn.;;;;
1269;9d8fb23e-b64a-466d-b42c-179c0d72975e;syzygium p. browne ex gaertn.;;;;
1270;ddc27edb-f323-4a79-af71-1b0b39acbbed;acronychia j.r. forst. & g. forst.;;;;
1271;34bbf4fa-724d-4682-ba6a-14efc7f68951;alyxia banks ex r. br.;;;;
1274;b990cc01-f146-427a-836e-ca51219419f3;cordia dichotoma g. forst.;;;;
1275;1328ff56-4926-44b9-a2bf-381c8a0e20dd;syzygium p. browne ex gaertn.;;;;
1280;5430f9a3-6a1a-4375-8cff-cf454a6daa52;diplora schizocarpa c. chr.;;;;
1281;8ba1223d-e11e-4e9a-b6c7-4332d19edb62;diplora schizocarpa c. chr.;;;;
1286;6d248594-eaad-4f57-8b94-9cc70c13190f;apocynaceae juss.;;;;
1287;a9beed35-6d85-4861-9b82-90ae1776085b;rubiaceae juss.;;;;
1288;2e243d4a-f604-42c3-9a21-525f9a3f251d;orchidaceae juss.;;;;
1289;74d2dfca-4538-4f59-9132-376bb42cf22d;orchidaceae juss.;;;;
1292;106af4a4-8a75-4790-838f-da1dad7abc5e;harpulia g. don;;;;
1293;5338728a-2802-4627-9461-0cd75eb992ef;syzygium p. browne ex gaertn.;;;;
1294;f6cb597d-f8f9-40c1-a0f8-048001854edf;alyxia banks ex r. br.;;;;
1296;d8f8fa54-9841-4705-90b1-576d3222504c;syzygium p. browne ex gaertn.;;;;
1297;cd330a95-555d-4e9e-bf61-2e3bce230bc7;orchidaceae juss.;;;;
1298;66b75d52-8dc0-4565-a28a-5d0c31689a0d;ardisia javanica a. dc.;;;;
1301;55b21107-e082-4495-88f6-337a3de10395;polydictyum ternatum (baker) s.y. dong & c.w. chen;;;;
1303;29d7bada-8523-468f-8a41-f8980458ec44;alyxia banks ex r. br.;;;;
1304;3e84e996-dae6-4a4e-b81c-a3a6d95768af;orchidaceae juss.;;;;
1305;e0d98a7c-24dd-4537-bfde-1e4c4892c14e;orchidaceae juss.;;;;
1306;98fb9ad0-6149-40f5-989c-9eb6945b1c81;orchidaceae juss.;;;;
1309;b06eba63-bfd2-4c22-a2f0-4d61ab21e42b;melodinus j.r. forst. & g. forst.;;;;
1310;2cda63f3-5897-417c-9d9b-5dc85254be75;orchidaceae juss.;;;;
1314;8bb230bc-347b-4d28-b649-719359fb7a27;madhuca ham. ex j.f. gmel.;;;;
1317;09b091fe-eb5f-48fc-8177-c274f54987bf;syzygium p. browne ex gaertn.;;;;
1318;22b9e212-d11c-4dfb-9516-0e1760e21830;syzygium p. browne ex gaertn.;;;;
1321;7bee9503-d1f8-4ff6-8636-c6c3a0009678;orchidaceae juss.;;;;
1329;51d781b8-e036-436d-8f13-b04d28a0a5f2;mallotus penangensis müll. arg.;;;;
1330;68d6fa55-764a-48be-8fa5-9b6b6f31c42b;leea indica (burm. f.) merr.;;;;
1331;a3df8a9d-f616-45c6-a179-da97cd2d16cf;melodinus j.r. forst. & g. forst.;;;;
1339;dd8964c0-cf33-48cb-9104-203c42940f68;cyrtandra sp. nov. ined. ex phillipson;;;;
1340;0cba3266-b043-4cf2-90b8-d4d131efd4ca;helicia moluccana (r. br.) blume;;;;
1341;c6c63b42-7c77-418f-b9d5-6eb850e0733e;pteridophyta schimp.;;;;
1344;5faa940b-1c7b-45f9-8d3c-af2f9b07511e;funaria wichurae var. brevicapsulata baumgartner;;;;
1352;305c4d9d-0385-4279-819f-f5abac5b359b;alyxia banks ex r. br.;;;;
1353;89feff3a-aea5-4c0c-be96-8238e418440c;syzygium p. browne ex gaertn.;;;;
1359;0f8f8ba8-a74a-4dc0-b156-bf07f5cf94f3;syzygium p. browne ex gaertn.;;;;
1362;113b9b3f-a9f0-4574-9c54-95912848cda9;asteraceae bercht. & j. presl;;;;
1363;d7c52aaf-604d-44e4-a4df-60cb0eec92c4;alyxia banks ex r. br.;;;;
1364;bed531c9-c90e-442e-939a-c426e2cb6e54;syzygium p. browne ex gaertn.;;;;
1371;ec708235-4538-4a0d-b0ec-fbd31e12fd99;syzygium p. browne ex gaertn.;;;;
1372;9e3b5050-75ec-4880-acfe-ea381b0cfcb1;syzygium p. browne ex gaertn.;;;;
1374;6edd666e-2711-435b-a9eb-cf0c69db4d36;syzygium p. browne ex gaertn.;;;;
1379;e46bda84-15bd-4be5-9b45-b05efbfa85dc;myrtaceae juss.;;;;
1380;173d5cd6-199a-4047-a858-47beb4ca1b50;orchidaceae juss.;;;;
1388;c543613c-111b-4e37-a140-50e3cf83c418;ardisia sanguinolenta var. parallelonura (k. larsen & c.m. hu) k. larsen & c.m. hu;;;;
1390;9d7e213a-7600-4ba7-b161-a15ce6e7ee6f;syzygium p. browne ex gaertn.;;;;
1391;6992bd99-673e-4a3b-9ed1-2bd6cbcaee14;syzygium p. browne ex gaertn.;;;;
1392;a4cf0e48-fccd-4520-a226-e7952bf5fa85;nephrolepidaceae pic. serm.;;;;
1402;fa90cc53-7d59-4d58-8f7a-4a1a4d669c98;sapindaceae juss.;;;;
1403;ae9d1979-dec6-40c1-818c-8e53a7d50814;orchidaceae juss.;;;;
1404;a9ac4d9b-6f36-4380-97c7-bc7131309cd5;orchidaceae juss.;;;;
1405;1bcb3392-c5b2-4b3f-8b9c-0612ac80273b;madhuca ham. ex j.f. gmel.;;;;
1412;57a41c3e-7977-4e2e-ab18-895259a576f8;barringtonia j.r. forst. & g. forst.;;;;
1413;f73f145c-f9a1-41a5-bd30-af86291b6ef1;apocynaceae juss.;;;;
1415;5f17e022-1363-4467-b3cf-20571e292982;syzygium p. browne ex gaertn.;;;;
1418;382ba855-6a10-4f13-866e-cde01e16f483;melodinus j.r. forst. & g. forst.;;;;
1419;f3448f15-4277-4322-9ee0-069dcb54febf;melodinus j.r. forst. & g. forst.;;;;
1420;9fd4d670-253a-4572-8062-983912db825e;sematophyllaceae broth.;;;;
1428;7610305e-b3cd-4f1e-8280-02451f02d2e1;araceae juss.;;;;
1430;cac664ec-9707-48c5-8679-7f0422e4599f;sapindaceae juss.;;;;
1431;aced9ada-0814-4ee0-baa4-39b4aa0c8e92;orchidaceae juss.;;;;
1432;f79c4cf9-9da7-469f-8dc0-9675d722bc23;orchidaceae juss.;;;;
1435;c61c6823-d48f-4de7-b1ed-8ce8ae4fa142;syzygium p. browne ex gaertn.;;;;
1436;7c0e66c9-3de6-4a53-8443-c32f5f3498a7;syzygium p. browne ex gaertn.;;;;
1437;3fa619a5-5227-4dca-829c-18b7134576d2;syzygium p. browne ex gaertn.;;;;
1445;9849509d-1ae7-4e52-acd3-8898ab8d2b73;syzygium p. browne ex gaertn.;;;;
1446;34b44003-21ee-4308-bf64-5efba5005747;hymenophyllaceae mart.;;;;
1447;43f16c06-5365-4589-b52a-49375ea1b70c;dilleniaceae salisb.;;;;
1448;7f1cac2a-c132-4a81-b03d-4eb0c25a2e2b;dipodium r. br.;;;;
1449;e904cc3b-b7d5-412f-8564-24c2fe85ca1d;cephalomanes c. presl;;;;
1451;721a1324-1478-48d6-9174-f96b66598198;apocynaceae juss.;;;;
1453;e1b3e393-4739-4668-a8c1-f6c9423543b1;barringtonia j.r. forst. & g. forst.;;;;
1454;4c61f953-9a70-4590-9ce0-2caf6706ab14;orchidaceae juss.;;;;
1455;c5df9e6f-58e8-412d-a202-19a9d8c22970;davalliaceae m.r. schomb. ex a.b. frank;;;;
1456;3fa1eea1-9f11-4b02-83a4-41ee2bc4176b;syzygium p. browne ex gaertn.;;;;
1457;aab5e71a-5aa5-4204-a527-7fc621e894b4;syzygium p. browne ex gaertn.;;;;
1458;63ff4751-5c2f-44fb-9613-1ddb90bb4281;alyxia banks ex r. br.;;;;
1460;02a6b8e3-beef-4fe5-801c-820092694c59;sematophyllaceae broth.;;;;
1464;ac7e4d6f-4879-4a61-892e-29b7d9935fd7;glochidion j.r. forst. & g. forst.;;;;
1466;12ac78ed-aa2b-4503-b104-4b8fa403cd3b;acrophorus stipellatus t. moore;;;;
1469;d378fb8f-0009-4697-8e74-c8d2db3be112;syzygium p. browne ex gaertn.;;;;
1471;fe8cd01b-df29-4762-a7d3-99e23cf53c24;orchidaceae juss.;;;;
1472;91fe99c7-4637-427b-a428-91c07096e21c;orchidaceae juss.;;;;
1473;4170a4ee-24ec-481e-8431-acee134d6b80;glochidion j.r. forst. & g. forst.;;;;
1477;9f0b9848-48b3-4e2f-9a73-fc8406a3d9d2;pometia pinnata j.r. forst. & g. forst.;;;;
1479;4dcdba01-9d81-4ba1-9fe8-7d2e99f67e80;nepenthaceae dumort.;;;;
1485;ce72ac02-a64d-4a7e-aa55-11a99c22e852;syzygium p. browne ex gaertn.;;;;
1486;25072eb1-ce3d-4829-af13-2c2f5ef84f10;syzygium p. browne ex gaertn.;;;;
1487;f5196c47-28c3-4009-a7d5-0acc81e403cb;syzygium p. browne ex gaertn.;;;;
1488;d4a6da3d-2a57-43ae-b32a-2e2f5894c04c;syzygium p. browne ex gaertn.;;;;
1489;e0c76d2f-3d51-4147-9abb-407737aef42a;dipodium pandanum f.m. bailey;;;;
1494;78a09238-1492-4428-8fb1-c12cf95f0474;syzygium p. browne ex gaertn.;;;;
1495;db6c90a5-74a7-4c86-a2c9-f6c632eef429;vanda jones ex r. br.;;;;
1496;dbea9fa9-d61c-440d-b8e9-28ea65650354;syzygium p. browne ex gaertn.;;;;
1501;96fe5984-2ae5-4955-9ee4-e14e2c03285e;vitaceae juss.;;;;
1502;90c5450e-6264-497c-95c8-38b473711647;monimiaceae juss.;;;;
1505;0c74597b-66af-494b-8322-debceb0b832d;calanthe r. br.;;;;
1507;ceb3cc69-9e97-4333-879e-f51098a317a2;ficus septica burm. f.;;;;
1509;0624084e-73b1-45bb-85b4-78f8e4c63930;madhuca ham. ex j.f. gmel.;;;;
1511;ad541244-16b5-410e-9a45-f888b9400a4b;syzygium p. browne ex gaertn.;;;;
1512;bce366fb-7c37-468e-bbfe-0489fa483284;syzygium p. browne ex gaertn.;;;;
1513;e1efceba-dfbd-4053-863a-bbfad0e401ab;ardisia sanguinolenta wall. ex blume;;;;
1516;fae2e36c-4884-499b-8ccc-4a336acc58c0;monimiaceae juss.;;;;
1517;8bb8cf4e-5579-448f-b8a0-5861c5cc9eb2;primulaceae batsch;;;;
1519;8be7dbdb-9a3e-4d3f-a321-019fb2df291b;euphorbiaceae juss.;;;;
1520;78238f10-e7f6-4454-902b-5bcf470cf2cd;arcypteris irregularis (c. presl) ching;;;;
1521;de57b86a-bfaa-41d1-94a4-77c956e11df9;orchidaceae juss.;;;;
1525;abce4a60-1b67-4c5c-b5a5-50cd0294baf2;vernonia kabaensis j. kost.;;;;
1529;35e9ead1-38f5-4705-825c-81451711e974;colysis macrophylla (blume) c. presl;;;;
1530;d809bb36-629d-48b9-aa1d-1bfd354f7866;urtica longifolia burm. f.;;;;
1532;4a0f3d20-9ff9-43d0-b0c4-8c2b8fcefe60;rubiaceae juss.;;;;
1533;8534d3ec-f101-4251-9a28-4d77155cac3c;rubiaceae juss.;;;;
1534;e723c4fa-a1e4-439b-a2c2-6545eb056c0c;orchidaceae juss.;;;;
1535;721ea5df-ca47-4992-86a9-8bde4a729579;orchidaceae juss.;;;;
1536;529ea595-1999-41ee-8860-ef4bd1f3a256;helicia moluccana (r. br.) blume;;;;
1538;66328ef2-d666-458c-a3cd-d6cf54ad74ef;euphorbiaceae juss.;;;;
1541;8d47ecb8-6605-46e8-80d0-f67a4ed4c89b;syzygium p. browne ex gaertn.;;;;
1542;f5645d0f-115b-485e-8e45-4f58d8a0c074;leea indica (burm. f.) merr.;;;;
1543;28d1bf18-c2d3-4bb8-b0e4-86e7665a2cbd;leea indica (burm. f.) merr.;;;;
1547;b1a8e24c-75b4-463a-b5fc-4132b2329e76;winteraceae r. br. ex lindl.;;;;
1548;b29932ae-ab28-4452-9380-44f3a2017ba7;litsea garciae s. vidal;;;;
1550;3370c5d1-27fb-4555-82c5-d6274c6c60a5;microstylis koordersii j.j. sm.;;;;
1551;f620c6dd-94dc-4e6d-9206-a27e4218c391;glochidion j.r. forst. & g. forst.;;;;
1554;82041155-8397-4cba-8115-6ddcb7bcd55b;orchidaceae juss.;;;;
1555;50801682-b938-4403-8c5d-5d42fe453705;cucurbitaceae juss.;;;;
1556;cefe9446-62d1-428d-bb8b-659e16916cf1;orchidaceae juss.;;;;
1557;dc832272-0b13-4d49-bbfe-21f4d365a4b2;euodia j.r. forst. & g. forst.;;;;
1563;a678a2e6-8a2b-4da1-a4e3-4b7f9febf6f4;syzygium p. browne ex gaertn.;;;;
1566;9f9f620a-5c5a-4b27-ae8c-9c3a1ec1b216;syzygium p. browne ex gaertn.;;;;
1568;f0b1ad54-5a40-469e-9b14-a370df92becb;ficus septica burm. f.;;;;
1569;428b2d18-94f3-4b05-bbf4-b72664a36dd4;weda fragarioides welzen;;;;
1570;8893035f-a226-48b9-81cd-8e5f52b95942;orchidaceae juss.;;;;
1577;0b43c905-26f2-4f6c-bc59-8f00307ebec6;syzygium p. browne ex gaertn.;;;;
1578;fb6f1571-3f9f-4625-abb4-c3cefde47f17;syzygium p. browne ex gaertn.;;;;
1580;6c6e2f23-39f9-4d2c-8145-eea6d3ac6630;alyxia banks ex r. br.;;;;
